{
  "hash": "92a929a1",
  "browserHash": "ed251942",
  "optimized": {
    "@angular/common": {
      "src": "../../../../../node_modules/@angular/common/fesm2022/common.mjs",
      "file": "@angular_common.js",
      "fileHash": "c4691c37",
      "needsInterop": false
    },
    "@angular/core": {
      "src": "../../../../../node_modules/@angular/core/fesm2022/core.mjs",
      "file": "@angular_core.js",
      "fileHash": "769744c6",
      "needsInterop": false
    },
    "@angular/forms": {
      "src": "../../../../../node_modules/@angular/forms/fesm2022/forms.mjs",
      "file": "@angular_forms.js",
      "fileHash": "980b5c9e",
      "needsInterop": false
    },
    "@angular/platform-browser": {
      "src": "../../../../../node_modules/@angular/platform-browser/fesm2022/platform-browser.mjs",
      "file": "@angular_platform-browser.js",
      "fileHash": "bc8da3f0",
      "needsInterop": false
    },
    "@angular/router": {
      "src": "../../../../../node_modules/@angular/router/fesm2022/router.mjs",
      "file": "@angular_router.js",
      "fileHash": "48877836",
      "needsInterop": false
    }
  },
  "chunks": {
    "chunk-ODNNOFYN": {
      "file": "chunk-ODNNOFYN.js"
    },
    "chunk-GG5BJ3P3": {
      "file": "chunk-GG5BJ3P3.js"
    },
    "chunk-GWLPIXA7": {
      "file": "chunk-GWLPIXA7.js"
    }
  }
}